-- phpMyAdmin SQL Dump
-- version 4.6.4
-- https://www.phpmyadmin.net/
--
-- Хост: 127.0.0.1
-- Время создания: Дек 17 2018 г., 16:17
-- Версия сервера: 5.7.15
-- Версия PHP: 7.0.10

SET SQL_MODE = "NO_AUTO_VALUE_ON_ZERO";
SET time_zone = "+00:00";


/*!40101 SET @OLD_CHARACTER_SET_CLIENT=@@CHARACTER_SET_CLIENT */;
/*!40101 SET @OLD_CHARACTER_SET_RESULTS=@@CHARACTER_SET_RESULTS */;
/*!40101 SET @OLD_COLLATION_CONNECTION=@@COLLATION_CONNECTION */;
/*!40101 SET NAMES utf8mb4 */;

--
-- База данных: `testsite2`
--

-- --------------------------------------------------------

--
-- Структура таблицы `news`
--

CREATE TABLE `news` (
  `id` int(11) NOT NULL,
  `h1` varchar(255) CHARACTER SET utf8mb4 NOT NULL,
  `schort_content` text CHARACTER SET utf8mb4 NOT NULL,
  `content` text CHARACTER SET utf8mb4 NOT NULL,
  `category_id` int(2) NOT NULL,
  `author_id` int(2) NOT NULL,
  `date` timestamp NOT NULL DEFAULT CURRENT_TIMESTAMP ON UPDATE CURRENT_TIMESTAMP,
  `preview` varchar(255) CHARACTER SET utf8mb4 NOT NULL,
  `status` int(1) NOT NULL DEFAULT '1'
) ENGINE=InnoDB DEFAULT CHARSET=utf8;

--
-- Дамп данных таблицы `news`
--

INSERT INTO `news` (`id`, `h1`, `schort_content`, `content`, `category_id`, `author_id`, `date`, `preview`, `status`) VALUES
(1, 'Ногость_1', 'Новость_1', 'Новость_1', 1, 1, '2018-12-10 10:30:06', 'prev_1', 1),
(2, 'Новость_1', 'Новость_1', 'Новость_1', 2, 2, '2018-12-10 10:30:06', 'prev_1', 1),
(3, 'Новость_2', 'Новость_2', 'Новость_2', 2, 2, '2018-12-10 10:30:06', 'prev_1', 1),
(4, 'Новость_3', 'Новость_3', 'Новость_3', 2, 1, '2018-12-10 10:30:06', 'prev_1', 1),
(5, 'Новость_4', 'Новость_4', 'Новость_4', 2, 3, '2018-12-10 10:30:06', 'prev_1', 1),
(6, 'Новость_5', 'Новость_5', 'Новость_5', 2, 2, '2018-12-10 10:30:06', 'prev_1', 1),
(7, 'Новость_6', 'Новость_6', 'Новость_6', 2, 1, '2018-12-10 10:30:06', 'prev_1', 1),
(8, 'Новость_7', 'Новость_7', 'Новость_7', 2, 1, '2018-12-10 10:30:06', 'prev_1', 1),
(9, 'Новость_8', 'Новость_8', 'Новость_8', 2, 3, '2018-12-10 10:30:06', 'prev_1', 1),
(10, 'Новость_9', 'Новость_9', 'Новость_9', 2, 1, '2018-12-10 10:30:06', 'prev_1', 1),
(11, 'Новость_10', 'Новость_10', 'Новость_10', 2, 2, '2018-12-10 10:30:06', 'prev_1', 1),
(12, 'Новость_11', 'Новость_11', 'Новость_11', 2, 2, '2018-12-10 10:30:06', 'prev_1', 1);

-- --------------------------------------------------------

--
-- Структура таблицы `news_category`
--

CREATE TABLE `news_category` (
  `id` int(11) NOT NULL,
  `name` varchar(255) NOT NULL,
  `description` text NOT NULL,
  `sort_order` int(11) NOT NULL DEFAULT '0',
  `status` int(1) NOT NULL DEFAULT '1'
) ENGINE=InnoDB DEFAULT CHARSET=utf8 COMMENT='Категории новостей';

--
-- Дамп данных таблицы `news_category`
--

INSERT INTO `news_category` (`id`, `name`, `description`, `sort_order`, `status`) VALUES
(1, 'Новости мира', 'Опис_1', 1, 1),
(2, 'Политика', 'Опис_1', 1, 1),
(3, 'Спорт', 'Опис_1', 1, 1),
(4, 'Погода', 'Опис_1', 1, 1),
(5, 'Формула-1', 'Опис_1', 1, 1),
(6, 'Мода', 'Опис_1', 1, 1),
(7, 'Технологии', 'Опис_1', 1, 1),
(8, 'Космос', 'Опис_1', 1, 1),
(9, 'Музыка', 'Опис_1', 1, 1),
(10, 'Хоккей', 'Опис_1', 1, 1),
(15, 'Удалить категорию-1', 'Удалить категорию-1', 1, 1),
(16, 'Удалить-2', 'Удалить-2', 0, 1);

-- --------------------------------------------------------

--
-- Структура таблицы `publication`
--

CREATE TABLE `publication` (
  `id` int(11) NOT NULL,
  `title` varchar(150) NOT NULL,
  `date` timestamp NOT NULL DEFAULT CURRENT_TIMESTAMP,
  `short_content` text NOT NULL,
  `content` text NOT NULL,
  `preview` varchar(50) NOT NULL,
  `author_name` varchar(255) NOT NULL,
  `type` varchar(50) DEFAULT NULL
) ENGINE=InnoDB DEFAULT CHARSET=utf8;

--
-- Дамп данных таблицы `publication`
--

INSERT INTO `publication` (`id`, `title`, `date`, `short_content`, `content`, `preview`, `author_name`, `type`) VALUES
(1, 'Подключение наушников к ПК: пошаговые инструкции', '2018-07-10 12:18:27', 'Подключение наушников большинству пользователей ПК кажется настолько обыденным делом, что не требует никакого дополнительного руководства. Однако если в процессе его выполнения начинаются проблемы, требуется основательно разобраться в сущности работы звуковых устройств и их взаимодействии с ПК.', 'Подключение наушников большинству пользователей ПК кажется настолько обыденным делом, что не требует никакого дополнительного руководства. Однако если в процессе его выполнения начинаются проблемы, требуется основательно разобраться в сущности работы звуковых устройств и их взаимодействии с ПК.\r\n\r\nРазъемы ПК для наушников\r\n\r\nПодключение гаджета изначально производится через физическое присоединение устройства к ПК. Все разъемы, через которые происходит присоединение звуковых устройств, располагаются в видеокарте системного блока.\r\n\r\nВ зависимости от строения системного блока, разъемы могут выходить на его заднюю и/или переднюю часть. Для их обозначения существует стандартна цветовая схема, универсальная для всех устройств. Следуя цветовым обозначениям, можно без труда найти нужный разъем.\r\n\r\nЦветовая маркировка разъемов\r\nНаушники подключаются в разъем, помеченный зеленым цветом. В большинстве моделей наушников, предназначенных для стационарного ПК, штекер уже имеет зеленую пометку, поэтому ошибиться тут сложно.\r\nДругой нюанс заключается в наличии у наушников микрофона. Модели таких гарнитур могут иметь как два раздельных штекера, так и один общий. В случае, если штекер один, он подключается к разъему для наушников (или к специальному разъему для гарнитур, который, к примеру, бывает в ноутбуках). В случае если у гарнитуры два штекера, то на каждом из них будет присутствовать либо цветовая маркировка, либо гравировка, обозначающая функцию входа.\r\n\r\nПри покупке того или иного устройства проконсультируйтесь у специалистов. Гарнитуры с раздельными и комбинированными входами имеют различные параметры чистоты звука и сопротивляемости.\r\nПодключение устройства к компьютеру\r\n\r\nЧаще всего наушники начинают работать сразу же после присоединения к ПК либо через несколько секунд, когда драйверы устройства завершают автоматическую настройку.\r\n\r\nЕсли подключение по каким-то причинам не произошло автоматически, придется произвести настройку вручную. Для этого нужно кликнуть правой кнопкой мышки на значок динамика (внизу справа), перейти на «Устройства воспроизведения» и в выпавшем списке поставить зеленую галочку возле пункта «Наушники».\r\n\r\nВыбор устройства воспроизведения\r\nЕсли это не помогло, необходимо в указанном порядке произвести следующие действия:\r\n\r\nПрежде всего следует удостовериться в работоспособности гаджета. Для этого необходимо подключить его к любому другому устройству –смартфону, планшету, плееру – и проверить, есть ли звук при воспроизведении на нем.\r\nВ случае, если наушники исправны, логичным окажется предположение о том, что на ПК отсутствуют необходимые для их работы драйверы. Чтобы проверить эту догадку, необходимо запустить любой аудиофайл и проверить, идет ли звук с его воспроизведения через колонки, которые были подключены ранее. Если звук воспроизводится, значит драйверы были установлены, необходимо лишь изменить их настройки таким образом, чтобы они взаимодействовали с наушниками.\r\nЕще одно обстоятельство, которое требует проверки – это уровень громкости на микшере. В правом нижнем углу панели «Пуск» находится значок рупора, кликнув на который можно убедиться, что громкость включена и работает на достаточном уровне.\r\n\r\nЕсли все вышеперечисленные методы опробованы и проблема заключается в драйверах компьютера (а точнее, в их отсутствии), следует найти в меню компьютера раздел «Панель управления» – «Диспетчер устройств».\r\n\r\nДиспетчер устройств\r\nНайдите строку «Звуковые видео и игровые устройства». Если напротив этого пункта обнаружится знак «!», то необходимо кликнуть на него, чтобы скачать драйверы для звуковой карты. Обычно скачивание совершается с официального сайта устройств.\r\n\r\nМеню диспетчера устройств: драйверы всех устройств работают нормально\r\nЕсли подключения к интернету нет, драйверы можно поставить с физического носителя (флеш-накопителя или диска). Это актуально для недавно собранных устройств, когда звуковая карта была приобретена отдельно и содержала в комплекте носитель с программами драйверов.\r\n\r\nНе забывайте, что вовремя обновлять драйверы звуковой карты очень важно для того, чтобы избежать конфликта устройств и их корректной работы с компьютером.\r\nПочему в наушниках нет звука?\r\n\r\nЕсли драйверы обновлены, однако не работают ни подключенные к компьютеру колонки, ни исправные наушники – возможно, случилась поломка в звуковой карте. Это проблема т.н. «железа», т.е. при помощи манипуляций с компьютером без непосредственной разборки системного блока и звуковой карты проблему решить не удастся.\r\n\r\nЗвуковая карта в разобранном виде\r\nЕсли же другие звуковые устройства, подключенные к компьютеру, работают, а наушники – нет, значит, причина неисправности кроется либо в самом гаджете (если они не работают при подключении к другим устройствам), либо в драйверах (если наушники исправно работают с другими видами устройств). Также в этом случае проблема может крыться в самом гнезде для наушников (например, такое может произойти с ноутбуками – при этом встроенные динамики работают нормально, а подключаемые устройства – нет).\r\n\r\nЕсли у вас выявлены проблемы со звуковой картой, рекомендуется отвезти компьютер к специалисту. Если же проблемы выявлены с наушниками, воспользуйтесь услугами возврата товара, подробно описав проблему менеджеру торговой сети, где была совершена покупка.\r\nЕсли срок возврата товара истек, обратитесь к техническому специалисту – возможно, устройство можно реанимировать, разобравшись в его механической части. У некоторых наушников с дополнительными функциями есть собственный процессор, к которому драйверы требуется устанавливать отдельно с сайта производителя или физического носителя.\r\n\r\nКак параллельно подключить наушники и динамики?\r\n\r\nПараллельная работа наушников и динамиков может быть полезна, к примеру, геймерам, которым необходимо разделить вывод аудиодорожек игры и голосового чата. Такое одновременное подключение возможно, если на компьютере находится 2 разъема для вывода звука или если на динамиках имеется отдельный разъем для наушников. Чтобы подключить звуковые устройства в один разъем, можно воспользоваться специальным разветвителем для звукового гнезда.\r\n\r\nЧтобы программно настроить одновременное проигрывание звука одновременно с двух устройств, следует выполнить следующие шаги:\r\n\r\nВ панели управления компьютера выберите пункт «Диспетчер Realtek HD». На устройствах с другой звуковой картой название пункта может отличаться, однако на большинстве современных устройств установлены именно звуковые карты Realtek.\r\n\r\nДиспетчер  Realtek HD\r\nДиспетчер  Realtek HD\r\nВ правом верхнем углу открывшегося всплывающего окна найдите и выберите пункт «Дополнительные настройки устройства». Среди представленных пунктов выбора поставьте галочки напротив «Отключить звук заднего выходного устройства…» и «Объединить входные гнезда одного типа…». Подтвердите выбор.\r\n\r\nПроцесс объединения гнезд на примере микрофона\r\nВ общем окне меню в правом верхнем углу найдите иконку папки. Нажмите на нее и в открывшемся окне поставьте галочки напротив пунктов «Отключить определение гнезд передней панели» и «Подключение автоматического всплывающего диалога…».\r\n\r\nЕсли все выполнено правильно, то звук должен одновременно воспроизводиться и в колонках, и в наушниках.\r\n\r\nДля параллельной работы наушников и динамиков могут понадобиться не только манипуляции с программной частью звуковых устройств, но и дополнительные приспособления.\r\nНастройка микрофона в наушниках\r\n\r\nЕсли у наушников имеется микрофон, нужно посмотреть, сколько входов имеется у этого гаджета. Если вы видите два штекера, то нужно подключить к компьютеру зеленый и розовый в гнезда соответствующих цветов. Если же разъем один, то он подключается к универсальному входу.\r\n\r\nПример гарнитуры с раздельными штекерами\r\nДля настройки работы микрофона следует в меню панели управления перейти в раздел «Оборудование и звук». В открывшемся окне выберите строчку «Звук», а в еще одном открывшемся окошке – вкладку «Запись». Если все работает хорошо, то вы должны увидеть пиктограмму микрофона и название устройства – это означает, что драйверы включились и начали взаимодействовать с компьютером.\r\n\r\nМеню звукозаписывающих устройств\r\nКликните на символ микрофона и нажмите «Свойства». Откроется новое окно, в котором нужно выбрать сначала пункт «Прослушать», а затем поставить галочку напротив пункта «Прослушать с данного устройства». Откроется меню, в котором вы сможете писать звук с микрофона, а затем прослушивать и анализировать, регулируя громкость и уровень шумов. Как только настройка будет завершена и вас устроит качество записываемого звука, подтвердите выбранные настройки и закройте меню.\r\n\r\nМеню параметров микрофона\r\nНастройка микрофона не требует никакого стороннего программного обеспечения и легко выполняется через стандартные приложения компьютера. Любой пользователь может интуитивно понять принцип регулировки параметров записи.\r\nЕсли у вас все еще остались вопросы по подключению наушников к ПК, решить их поможет эта видеоинструкция:\r\n\r\n\r\nЛюбой уверенный пользователь компьютера может самостоятельно разобраться в неполадках, возникающих при подключении наушников или гарнитуры к компьютеру. При исправной работе звукового устройства и звуковой карты этот процесс занимает всего несколько секунд и не требует никаких дополнительных манипуляций.', '/images/1.jpg', 'masterservis24.ru', 'NewsPublication'),
(2, 'Инструкция по настройке и подключению IP-камеры', '2018-08-19 12:21:46', 'Цифровые видеокамеры, которые передают видеопоток по сети Ethernet, становятся все более распространенными и востребованными. Из этой статьи можно узнать, как подключить к компьютеру и роутеру IP-камеру, какие существуют особенности подключения одного и нескольких аппаратов.', 'Цифровые видеокамеры, которые передают видеопоток по сети Ethernet, становятся все более распространенными и востребованными. Из этой статьи можно узнать, как подключить к компьютеру и роутеру IP-камеру, какие существуют особенности подключения одного и нескольких аппаратов.\r\n\r\nЦифровая видеокамера\r\nПошаговая инструкция подключения IP-камеры к компьютеру и роутеру\r\n\r\nЧтобы подключить любую IP-камеру к компьютеру, понадобится Ethernet-кабель (витая пара). Учитывая, что для всех устройств данного типа характерно наличие собственного адреса, перед настройкой стоит узнать его. Сделать это можно путем использования специализированного «софта», который практически всегда идет вместе с оригинальным устройством, либо же программу можно установить с официального сайта производителя.\r\n\r\nУзнаем IP-адрес сети и камеры\r\n\r\nНередко IP-адрес устройства можно найти при прочтении инструкции либо же на самой коробке или наклейках на последней.\r\n\r\nКогда нам уже становится известным IP-адрес устройства, делаем подсети идентичными для него и локальной сети ПК. Исходя из текста выше, понимаем, что необходимо узнать и IP локальной сети. Для этого следуем по такому пути:\r\n\r\nЗаходим в центр управления сетями и общим доступом.\r\nНапротив строки «Подключение» нажимаем на сеть.\r\nВыбираем вкладку «Сведения».\r\nВ списке находим строку «Адрес IPv4» и копируем цифровое значение напротив.\r\n\r\nУзнаем IP-адрес сети и камеры\r\nДля смены IP-адреса можно использовать те же программы, с помощью которых мы и узнавали его на камере. После смены адреса изображения, получаемые с помощью устройства, станут доступны уже по новомуIP.\r\n\r\nПодробнее о IP-адресе устройства и компьютера - читать тут.\r\nИзменение IP-адреса локальной сети\r\n\r\nЧтобы сделать интерфейс камеры доступным для пользователя, можно пойти и другим путем – через изменение IP-адреса локальной сети. Пользуясь данным видом настройки, мы добиваемся того, чтобы устройства работали в одной подсети.\r\n\r\nНапример: адрес камеры – ххх.ххх.1.33, локальной сети – ххх.ххх.88.44, при этом первые шесть значений – одинаковы для обоих средств, а наша цель – изменить подсеть, которая отображается в этом случае цифровыми значениями 1 либо 88. Для произведения операции действуем соответственно инструкции:\r\n\r\nЗаходим в центр управления сетями и общим доступом.\r\nНапротив строки «Подключение» нажимаем на сеть.\r\nПереходим в свойства беспроводной сети.\r\nПрокручиваем список вниз и находим строку «Протокол Интернета версии 4 (TCP/IPv4)», двойным кликом открываем свойства последнего.\r\nСтавим отметку напротив строки «Использовать следующий IP-адрес».\r\n\r\nИзменение IP-адреса локальной сети\r\nДальнейшие действия:\r\n\r\nМы получили доступ к 3-м полям, в первое из которых вписываем IP-адрес нашей локальной сети, но уже заменив значение подсети на 1 (такое, как у камеры), а в последнюю строку под названием «Основной шлюз» вбиваем полное значение адреса камеры. Перед тем как выйти из настроек, не забывайте сохранить изменения.\r\nЗаходим в браузер, открываем новое окно и в поисковую строку копируем IP-адрес камеры. Если все настройки, произведенные ранее, были сделаны правильно, открывается окно, в котором есть 2 поля для введения логина и пароля соответственно. Данные, которые должны заполнить эти 2 строки, берутся из инструкции либо наклейки на коробке из-под устройства.\r\nНажимаем клавишу «Enter» и получаем возможность просматривать видеозаписи устройства. Кроме того, только после этих действий пользователю откроются настройки самой камеры.\r\n\r\nНастройка камеры для получения изображения\r\n\r\nКроме приведения в соответствие IP-адресов в настройках компьютера, это необходимо сделать и в веб-интерфейсе устройства для записи изображения. Чаще всего настройку можно произвести во вкладке «Network». В этот раз нужно будет поменять подсеть камеры на одноименное цифровое значение локальной сети, после чего ставим галочку напротив поля «Фиксированный IP-адрес».\r\n\r\nТолько после того, как последнее поле было заполнено, у пользователя появляется возможность настройки для просмотров записей с IP-камеры через локальную сеть. Прописываем следующие данные:\r\n\r\nIP-адрес.\r\nМаску подсети (стандартное значение – 255.255.255.0).\r\nШлюз, который будет соответствовать адресу локальной сети с измененной подсетью.\r\nDNSIP-адрес – в это поле копируем цифровое значение из предыдущего.\r\n\r\nЕсли же Вас не интересует через Интернет, ставим галочку в поле «Dynamic IP (DCHP)».\r\nНазначаем камере порт. Чаще всего это порт 80. В случаях, если у камеры не было никаких настроек, назначаем одноименное значение, но уже вручную. Для первой камеры назначаем порт 8081 и, если Вы используете не одно устройство видеозаписи, для него измените значение последней цифры на 2 (номер порта будет 8082).\r\n\r\nПосле можем сохранить настройки, отсоединить кабель устройства от ПК и вставить его в свободный порт роутера, а все произведенные ранее настройки IP-адреса в локальной сети сбрасываем на автоматические. Далее подключаем с помощью соответствующего кабеля роутер к сетевой карте компьютера.\r\n\r\nНастройка роутера\r\n\r\nДля успешной настройки роутера нам нужно:\r\n\r\nПодключить все настроенные камеры к маршрутизатору посредством сетевых LAN-портов либо же с помощью Wi-Fi.\r\nПодключить устройство к ПК с помощью сетевого кабеля.\r\nЗайти в веб-интерфейс роутера, где мы займемся проброской портов, для того чтобы роутер различал их и камеры соответственно, подавая в ответ на обращение к нему нужное изображение.\r\n\r\nLAN-порт\r\nСтроки, которые требуют заполнения, обычно можно найти во вкладке «Виртуальный сервер». Перед заполнением всех подпунктов ставим галочку напротив строки «Включить виртуальный сервер?» в поле «Yes (Да)». Дальнейшие настройки зависят от модели роутера и могут включать такие пункты:\r\n\r\n«Имя службы» – любое значение, к примеру, «Камера1»;\r\n«Диапазон портов» – должен отвечать порту, который был присвоен ранее первому устройству для видеозаписи;\r\n«Локальный IP-адрес» – отвечает адресу камеры;\r\n«Локальный порт» – вставляем сюда значение со второго пункта либо 80, если для Вашей камеры недоступна ручная настройка порта;\r\n«Протокол» – в этом поле обязательно указываем TCP, так как именно с этим протоколом работают IP-камеры;\r\n«Номер протокола» – можно написать любую цифру.\r\n\r\nДанные пункты прописываем вручную для каждой камеры, не забывая изменять значения в соответствующих строках.\r\nПодключение IP-камеры к сети Wi-Fi с помощью компьютера\r\n\r\nЗаймемся настройкой Wi-Fi и камеры. Для этого:\r\n\r\nУстанавливаем утилиту, которая идет вместе с оригинальным устройством, либо же скачиваем софт из Интернета (к примеру – программа «VSTARCAM» для соответствующей марки камер).\r\nПодключаем IP-камеру к маршрутизатору, используя кабель RJ-45.\r\nОткрываем ранее установленную программу двойным кликом и переходим в настройки камеры.\r\nВыбираем «Поиск сигнала», в открывшемся списке находим маршрутизатор и нажимаем «Установить».\r\nВводим пароль роутера для входа в сеть Wi-Fi, нажимаем «OK».\r\nМожет появиться окошко с ошибкой, но не стоит переживать. Чтобы решить проблему, делаем повторный поиск, проверяем состояние сетевого кабеля, его подключение к камере и роутеру.\r\nЕсли настройка произведена правильно, камера перезагружается, после чего можно отключать кабель, а IP-камера будет работать по беспроводной сети.\r\n\r\nНастройка Wi-Fi при помощи мобильного устройства\r\n\r\nНастройку можно проводить с любого смартфона (операционная система не играет большой роли) либо планшета. Для этого:\r\n\r\nПовторяем 4 первых пункта из предыдущего списка.\r\nУстанавливаем приложение на мобильное устройство – CSCAM, EYE\r\nОткрываем утилиту, попадаем в «Настройки камеры».\r\nПереходим в «Настройки Wi-Fi» и выбираем нужную нам сеть.\r\nВводим пароль маршрутизатора для входа в сеть.\r\n\r\nДополнительное оборудование\r\n\r\nПри подключении IP-камеры с использованием компьютера либо роутера дополнительного оборудования не понадобиться.\r\n\r\nЕсли человек захочет подключить камеры не только к ПК и маршрутизатору, но и к телефону, ему могут понадобиться дополнительные программы (в зависимости от программного обеспечения мобильного устройства – Apple, Android, WindowsPhone – требуются различные утилиты для их настройки – tiniCamMonitor, DIGMASmartCam).\r\n\r\nБолее подробно о подключении IP-камеры к телефону с операционной системой AppleIOS или Android рассказано в следующем видеоролике:\r\n\r\n\r\nОсобенности подключения и настройки одной и нескольких IP-камер\r\n\r\nСреди наиболее значимых особенностей следует отметить:\r\n\r\nПри подключении нескольких камер к компьютеру обязательно нужен маршрутизатор.\r\nНастройка одной камеры включает изменение только значения подсети в IP-адресе, а при введении в поля настройки роутера стоит помнить, что и последние цифры будут различными у каждого устройства видеозаписи.\r\nНеобходимость настройки порта, значения которого должны быть разными для каждой камеры (если есть возможность ручной настройки портов).\r\n\r\nСтатический IP-адрес: для чего он нужен?\r\n\r\nДля видеонаблюдения не со стационарной точки, а из разных мест понадобиться статический IP-адрес, который можно получить при составлении дополнительного договора с провайдером. Настройка и подключение камеры к компьютеру при этом не меняются.\r\n\r\nПроверка работоспособности\r\n\r\nЧтобы проверить правильность выполненных действий, проверим работоспособность камеры. Чтобы сделать это, открываем браузер и в адресную строку вводим IP-адрес устройства и цифровое значение порта. Должно это у Вас получиться в таком виде: http://ip-адрес:номер порта.\r\n\r\nЕсли настройка была произведена правильно, на экране появиться изображение с камеры.\r\n\r\nВозможные сложности и ошибки\r\n\r\nУчитывая, что путь подключения не такой уж сложный, а вот настройки – долгий и тернистый, могут встречаться ошибки на разных этапах введения необходимых данных в соответствующие поля.\r\n\r\nКроме того, для каждого роутера и IP-камеры могут быть разными поля настройки, что может создать некоторые затруднения при работе.\r\n\r\nТакже не забывайте, что скачивание утилит из неподтвержденных источников в сети Интернет может привести к заражению компьютера вирусами, потере производительности, утрате ценных данных и другим негативным последствиям.\r\nПри подключении к персональному компьютеру или роутеру и настройке IP-камеры главное – понимать, что самостоятельно сделать такую работу можно только при четком соблюдении всех пунктов и заниматься этим следует без лишней спешки, проверяя все введенные поля для одной либо нескольких камер, чтобы обеспечить их нормальную работу.\r\n', '/images/2.jpg', 'masterservis24.ru', 'ArticlePublication'),
(3, 'Что предпринять, если принтер не хочет печатать?', '2018-08-19 12:23:30', 'Тот, кто часто пользуется принтером для распечатки информации, нередко встречается с тем, что принтер отказывается печатать необходимый файл или делает это пустыми страницами. Принтер может совсем не реагировать на команду печати или издавать звуки загрузки, но не печатать. В таких случаях полезно иметь представление о причинах проблемы и уметь быстро решать их.', 'Тот, кто часто пользуется принтером для распечатки информации, нередко встречается с тем, что принтер отказывается печатать необходимый файл или делает это пустыми страницами. Принтер может совсем не реагировать на команду печати или издавать звуки загрузки, но не печатать. В таких случаях полезно иметь представление о причинах проблемы и уметь быстро решать их.\r\n\r\nНе работает принтер\r\nРаспространённые причины проблемы\r\n\r\nСамыми популярными причинами, связанными с нежеланием принтера работать, являются такие факторы:\r\n\r\nустройство отключено от электросети;\r\nнеправильно выбранный принтер для печати;\r\nсбои в Windows;\r\nотсутствует бумага;\r\nзамятие листов в принтере;\r\nпроблемы с драйверами;\r\nзакончился тонер;\r\nпроблемы с картриджем.\r\n\r\nЧасто эти неполадки совсем не связаны со сбоями в самом компьютере или устройстве.\r\n\r\nЧто делать, если принтер отказывается печатать?\r\n\r\nПерезагрузка\r\n\r\nЕсли принтер не печатает, его прежде всего рекомендуется перезагрузить вместе с компьютером. У многих пользователей после перезагрузки всё начинает работать исправно.\r\n\r\nПроверка сетевого подключения\r\n\r\nСамой банальной, но частой причиной неработающего девайса является отключенный провод от сети. Владельцы забывают подключить принтер к электросети или к самому компьютеру.\r\n\r\nПеред работой важно проверить, всё ли включено. Если да, то нужно осмотреть электросеть и сам провод, который может оказаться по некоторым причинам повреждённым.\r\n\r\nДополнительно читайте, как подключить принтер к компьютеру правильно.\r\nНеправильно выбранный принтер\r\n\r\nПрограммное обеспечение Windows имеет в своём арсенале несколько наименований принтеров, которые могут не иметь отношения к подключенному.\r\n\r\nЧасто пользователи, не имеющие опыта или спешащие, не смотрят на то, какой принтер включён в программе. Следует посмотреть наименование нужного устройства и при необходимости подключить его.\r\n\r\nНеправильно выбранный принтер\r\nПодробнее о том, как выбрать принтер - читать тут.\r\nСбои в Windows\r\n\r\nТакие сбои, в том числе и зависание очередей, встречаются в тех случаях, когда с помощью локальной сети устройство используется группой компьютеров. Также очередь зависает при распечатке документа с ошибкой.\r\n\r\nУстранить данную проблему поможет выполнение следующих действий:\r\n\r\nПерейти в панель управления.\r\nОтыскать раздел «Устройства и принтеры».\r\nНайти установленный принтер.\r\nС помощью правой кнопки мышки выйти в меню и выбрать «Просмотр очереди печати».\r\nПоявится список файлов, которые нужно отменить.\r\n\r\nПосле осуществления данных шагов принтер начнёт вновь работать.\r\n\r\nСбои в Windows\r\nПроблемы с бумагой\r\n\r\nЕсли отсутствуют или замялись листы, программа выдаёт предупреждение. Однако бывает и так, что оно не высвечивается.\r\n\r\nЗамятие листов чаще всего происходит при повторном использовании бумаги, после чего они становятся в какой-то мере мятыми и не ложатся ровной стопкой. Замятую бумагу нужно вытаскивать из корпуса аккуратно, потянув на себя.\r\n\r\nЕсли не виден замятый лист, откройте крышку и вытащите картридж, за которым расположены ролики. Через них проходит бумага, которая там может и остаться. Её нужно с осторожностью извлечь.\r\n\r\nНи в коем случае нельзя выдирать бумагу или тянуть её рывком. Это приведёт к тому, что лист порвётся и останется в корпусе, после чего его невозможно будет вытащить (а впоследствии печатать), не разобрав устройство полностью.\r\nДрайвера\r\n\r\nНеполадки с драйверами появляются при:\r\n\r\nпереустановке программного обеспечения;\r\nиспользовании нового оборудования;\r\nсбоях в программе;\r\nвирусах.\r\n\r\nНеполадки с драйверами решаются полным удалением их с компьютера и загрузкой с сайта фирмы-изготовителя новых с последующей их установкой.\r\n\r\nПроблемы с картриджем\r\n\r\nЕсли принтер отказывается печатать вообще или выдает белые листы, это может свидетельствовать о наличии некачественной краски или её отсутствии. Данные о количестве краски проверяются в разделе «Панель управления» - «Устройства и принтеры». Нужно посмотреть данные, находящиеся в свойствах, о наличии или отсутствии краски в картриджах.\r\n\r\nВ лазерном принтере заканчивающийся тонер можно сболтать, после чего содержимое разместится равномерно по ёмкости и можно будет распечатать ещё несколько файлов.\r\nКакие действия следует предпринять в случае возникших проблем с печатью принтера, рассказывается в этом видео:\r\n\r\n\r\nИтак, если принтер не печатает, нужно проверить подключение в сеть, выбор действующего устройства, наличие бумаги и краски, а также возможные проблемы с драйверами.', '/images/3.jpg', 'masterservis24.ru', 'PhotoReportPublication'),
(4, 'Аллергические реакции у собак и кошек', '2018-08-13 21:00:00', 'Есть проблемы, которые встречаются у животных не реже, чем у человека. Эти проблемы дерматологического характера, о которых и хочется сегодня с вами поговорить, разобрать и описать какие именно, чем отличаются и почему возникают.', 'Есть проблемы, которые встречаются у животных не реже, чем у человека. Эти проблемы дерматологического характера, о которых и хочется сегодня с вами поговорить, разобрать и описать какие именно, чем отличаются и почему возникают. Это   аллергия. Аллергия может возникнуть практически у всех представителей животного мира, но мы поговорим с вами сегодня об аллергии у кошек и собак. Она может возникнуть не взирая природное происхождение, возрастных данных животного, его пола. Происходит она за чет реакции организма, на разные виды раздражителей. Например с пищей во время кормления питомца, а так же из воздуха, каким либо контактом (кожный покров)   это могут быть эктопаразиты, блохи, клопы, клещи, мошка, комары. Реакция контакта с химическими препаратами. Вплоть до применения средств за уходом животного (лосьоны, шампуни, присыпки и спреи). На что защитные свойства организма, иммунная система реагирует и начинает вырабатывать вещества, которые приводят к воспалениям. И это выражается визуально, выпадает шерсть, повреждаются кожные покровы. И угнетающий зуд. Который очень сильно отражается на общем поведении питомца. Животное становиться беспокойным, раздражительным. При активном зуде, животные разлизывают себе части тела, трутся об какие- либо поверхности, расчесывают себе раны по телу. Тем самым, вызывая вторичную бактериальную инфекцию, которая может привести к поверхностной или глубокой пиодермии. Встречается аллергия, которая проявляется не изменением кожных покровов, а проявляется в виде хромоты, иногда пищевых расстройств (диарея). \r\n\r\nКакие виды аллергических реакций можно встретить:\r\n\r\nhttps://www.zoovet.ru/stati/publikatsii-spetsialistov/veterinariya/anafilakticheskiy_shok/Анафилактический шок. Это самая опасная и практически самая мгновенная реакция организма на аллрген. Анафилактический шок может возникнуть на введение сывороток, вакцин, каких- либо препаратов, а также дачи таблеток. Укусы змей, пчел, блох. Поэтому при выполнение вакцинации желательно какое- то время находиться в клинике после введения сыворотки или вакцины животному. А лучше ввести сразу перед вакцинацией антигистаминный препарат. Так как хозяева не всегда могут распознать вовремя, начинающуюся аллергическую реакцию у своего питомца. Шок может проявится наличием диареи, одышкой, рвотой или судорогами. И экстренные меры будут оказаны не вовремя, потеряв время животное может погибнуть. \r\n\r\nhttps://www.zoovet.ru/stati/entsiklopediya-bolezney/atopicheskij_dermatit/Атопический дерматит. Дерматиты часто проявляются на коже покраснениями, шелушением, возникновение поражения частей тела, а чаще это паховая область, подмышечная, морда и ушные раковины. И сопровождается умеренным или слабым зудом, и это состояние вызывают не укусы паразитов (блох, клещей, власоедов), не пищевая аллергия. Они не причиняют животному какого либо страдания . Называют атопическим дерматитом. Дерматит возникает из –за инбридинга , заводчики пускают в разведение уже генетически больных собак или в случке присутствуют кровные родственники, чего совершать нельзя. Такие дерматиты невозможно вылечить обычными антигистаминными препаратами. Или убрать местными применениями мазей. Такие собаки или кошки попадают в риск с белым окрасом. У них атопический дерматит может быть пожизненно. Следует укреплять иммунитет животного. Или убрать местными применениями мазей. Следует укреплять иммунитет животного, и можно добиться какого- либо результата или ремиссии. \r\n\r\nАллергия на паразитов. Блохи, клещи и комары вызывают аллергию у животных. И животные, имеющие короткую шерсть или совсем отличаются отсутствием шерсти на теле, страдают от укусов эктопаразитов намного чаще и переносят укусы намного хуже. Существует такое понятие «блошиный дерматит», вызванный укусом блохи. Вызывая сильный зуд, после покраснение, где был укус. Животное начинает активно расчесывать все тело, тем самым нанеся механические повреждения по телу. Это лечится препаратами от наружных и внутренних паразитов (ошейники, таблетки, капли на холку). И антигистаминными препаратами, которые снимут зуд и покраснения. Так же блохи, комары, клещи служат переносчиками серьезных и опасных заболеваний. Есть породы собак, например, Риджбеки, у которых может возникнуть аллергия даже на продукты жизнедеятельности паразитов. \r\n\r\nКонтактный аллергический дерматит. \r\n\r\nТакого вида аллергическая реакция может протека у животного, как и спонтанно при контакте с аллергеном, так и проявиться со временем, например, при постоянном взаимодействии с аллергеном. Это может вызвать ошейник против эктопаразитов, использование лосьонов для ухода, шампуни. Использование каких –либо наружных мазей, взаимодействие с вещами (подстилки, ковер, наполнитель т.д). Такого рода аллергия встречается достаточно часто. При том, что практически у всех представителей животного мира. Лечение происходит удаление аллергена из использование, устранению зуда противоаллергическими препаратами, а также мазями с местным применением. Хочется так же отметить, что контактная аллергия так же может вызываться на вещества внешней среды – пыльцу, плесень, смог, пыль. Иногда на некоторые виды травы. \r\n\r\nБлошиный дерматит.\r\n\r\nЭтот вид аллергической реакция возникает при укусах эктопаразитов. Так называемая аллергия на слюну блохи. После этого по телу у животного начинается сильный зуд, механически животное травмирует свое тело. Образуются ранки, которые быстро заживают. Но если не избавить животное от паразитов, то раны по телу будут образовываться все больше и больше, начнет выпадать шерсть и зуд будет усиливаться. А самое не приятное, что эктопаразиты являются переносчиками различных инфекций, кровепаразитарных заболеваний. Для уничтожения используют капли на холку от блох и клещей, спрей, таблетки. Можно несколько дней применять антигистаминные препараты, чтобы унять зуд. \r\nПищевая аллергия.\r\n\r\nОдин из редко встречающихся видов аллергии. Коты болеют реже пищевыми аллергиями нежели собаки. Для того, чтобы пищевая аллергия дала о себе знать, нужно больше времени. Она может проявиться и через 1 год после применения аллергена в пищу. Например, состав рациона входит белок, который вызывает аллергию у питомца. В любой продукт входит белок, но мясо –это целый белок, животного происхождения. Белок курицы, говядины, реже индейка, кролик, телятина молодая. И со временем он накапливается в организме животного по немного и через определенное время проявляется: зудом и высыпаниями. Лечение начинается со смены корма. Убирают прежний источник белка и заменят его. Либо полностью заменители белков, соевый на какое- то время. А потом подбирают рацион заново. Исключениями бывают тяжелые случаи аллергии. Тогда животное можно перевести полностью на гипоаллергенный корм пожизненно. \r\n\r\nТакже хочется отметить симптомы аллергии у животных и породы склонных к аллергии.\r\n\r\n1. Истечения из носа или глаз. А так же ушей.\r\n2. Отечность конъюктивы глаз, морды.\r\n3. Зуд \r\n4. Покраснение отдельных участков тела\r\n5. Выпадение шерсти\r\n6. Неприятный или специфический запах от шерсти. \r\n\r\nЖивотные, склонные к аллергии:\r\n\r\n1. Шарпей\r\n2. Чихуахуа\r\n3. Спаниель\r\n4. Лабрадор\r\n5. Йоркширский терьер\r\n6. Той терьер\r\n7. Канадский, донской сфинксы \r\n\r\nКак будет проявляться аллергия у животного не всегда имеет значение. Иногда она требует индивидуального лечения и подхода. Консультации специалиста. Не стоит заниматься самолечение питомца. Следует обратиться к доктору. Установить причину аллергии без доктора не всегда получается.', '/images/4.jpg', 'zoovet.ru', 'NewsPublication'),
(5, 'Анестезия у пожилых животных', '2018-08-09 21:00:00', 'Принято считать, что пожилым является животное, которое прожило 75-80% от предполагаемой продолжительности жизни. Это определение намного более грамотно, нежели установление жестких границ возраста, так как продолжительность жизни у разных видов и пород животных может существенно отличаться, так, например, карликовые породы собак живут дольше, чем гигантские. Немецкий дог может считаться пожилым в 6-7 лет, а джек-рассел-терьер или карликовый пудель после 10 лет.', 'Принято считать, что пожилым является животное, которое прожило 75-80% от предполагаемой продолжительности жизни. Это определение намного более грамотно, нежели установление жестких границ возраста, так как продолжительность жизни у разных видов и пород животных может существенно отличаться, так, например, карликовые породы собак живут дольше, чем гигантские. Немецкий дог может считаться пожилым в 6-7 лет, а джек-рассел-терьер или карликовый пудель после 10 лет.\r\n\r\nВозраст животного не является прямым противопоказанием к проведению наркоза, но эта категория пациентов требует более углубленной подготовки к проведению операции, включая необходимую предоперационную диагностику. \r\n\r\nТакже эти животные требуют более пристального внимания во время операции.\r\n\r\nПоговорим о предоперационной подготовке.\r\n\r\nОбычно с возрастом у наших пациентов появляются хронические заболевания и структурные «возрастные» изменения в органах, это же касается обмена веществ.\r\n\r\nДля того, чтобы понимать, какую же схему анестезиологического пособия выбрать для того или иного пациента, нам необходимо располагать достаточной информацией о процессах, происходящих в его организме, поэтому не удивляйтесь тому, что ветеринарный врач-анестезиолог назначит необходимые исследования перед тем, как провести анестезию вашему животному.\r\n\r\nНачинаем мы всегда с самого простого, это сбор анамнеза, то есть всего того, что происходило с вашим питомцем в течение его жизни (обычно это простые вопросы касающиеся вакцинации, условий содержания, кормления, сбор сведений о перенесенных заболеваниях или наличии сопутствующих, жалобах). Не стоит утаивать какую-либо информацию от врача, помните любая, даже самая маленькая деталь может стоить вашему питомцу жизни.\r\n\r\nИсследования, которые мы рекомендуем всем пожилым пациентам это: эхокардиография сердца, клинический и биохимический анализ крови, иногда рентгенография грудной клетки (в основном для пациентов с онкологическими проблемами). Для чего это делается?\r\n\r\nС течением жизни у животных, как и у людей происходит физиологическое «изнашивание» организма. Зачастую наши пациенты выглядят абсолютно здоровыми, без каких-либо жалоб на общее состояние. Но после проведения сопутствующих обследований часто выявляются какие-либо патологии.\r\n\r\nСкрининговая эхокардиография помогает нам понять, что происходит с сердечно-сосудистой системой, нет ли каких-либо кардиомиопатий, застойных явлений, как хорошо функционирует орган, это существенно облегчает понимание того, как с наименьшими рисками провести наркоз животному. На стадии обследования у кардиолога могут быть выявлены шумы, аритмии, пороки сердца. Обычно таким пациентам назначается лечение и оперативное вмешательство, за исключением случаев, когда пациент в критическом состоянии, переносится с учетом приема компенсаторных препаратов (обычно на 5-7 дней).\r\n\r\nАнализы крови в полной мере дают представление о том, как функционируют внутренние органы животного. Самые важные профили для врача анестезиолога это почечный и печеночный (так как эти органы участвуют в метаболизме препаратов наркоза), если врач видит повышение каких-либо из этих показателей в проведении наркоза вам может быть отказано, до их стабилизации и возвращению к нормальному уровню.\r\n\r\nЖивотным, поступающим на проведение оперативного лечения различных опухолевых процессов выполняется рентгенография грудной полости, для исключения процесса метастазирования. Так же рентген может понадобится пациентам, имеющим респираторные заболевания.\r\n\r\nВажно понимать, что диагностика крайне важна и ее роль сложно преувеличить.\r\n\r\nТолько после того, как все диагностические мероприятия проведены, и мы имеем полное представление о нашем пациенте, определяется степень анестезиологического риска и подбирается индивидуальное анестезиологическое пособие.\r\n\r\nПеред проведением анестезии пациенту обязательно выполняется премедикация (за 10-15 минут до введения в наркоз ) – это комплекс препаратов, которые направлены на снижение негативных влияний препаратов наркоза.\r\n\r\nВ нашей клинике все препараты необходимые для введения животного в наркоз вводятся через внутривенный катетер, который устанавливается на переднюю, либо заднюю конечность животного. Если пациент находится в критическом состоянии катетер может быть установлен в яремную вену (на шее у животного).\r\n\r\nВо время проведения оперативного вмешательства в условиях операционной у животных мониторируются все основные показатели жизнедеятельности (это пульс, частота сердечных сокращений, ЭКГ, частота дыхательных движений, сатурация, температура насыщенность крови кислородом и углекислым газом)\r\n\r\nЕсли ветеринарный врач-анестезиолог видит отклонения от нормы у пациента, незамедлительно принимаются все меры для медикаментозного купирования возникающих отклонений.\r\n\r\nПри необходимости проведения реанимационных мероприятий, они оказываются в полном объеме, включая искусственную вентиляцию легких и различные виды массажа сердца\r\n\r\nПосле проведения оперативного вмешательства пациент просыпается в индивидуальном боксе под присмотром врачей и среднего персонала, если животное находится в тяжелом состоянии, оно получает весь необходимый мониторинг до момента его восстановления . Все пациенты получают инфузионную терапию как во время, так и до оперативного вмешательства, направленную на лучший выход из наркоза, а так же коррекцию сопутствующих заболеваний.\r\n\r\nНа усмотрения ветеринарного врача, особенно после сложных и продолжительных операций, Ваше животное может быть оставлено в стационаре для дальнейшего ведения и контроля состояния.', '/images/5.jpg', 'zoovet.ru', 'ArticlePublication'),
(6, 'Хронический гингивостоматит у кошек', '2018-08-19 12:32:39', 'Кошачий гингивостоматит, вероятно, является самым неприятным заболеванием полости рта, наблюдаемым в ветеринарной практике. Оно является чрезвычайно болезненным состоянием для кошки и болезненным состоянием для владельца животного. Слизистая оболочка полости рта, особенно на задней поверхности (иногда называемая зев, но более правильно называть язычно – небные складки) - становится воспаленной и красной и может даже кровоточить', 'Кошачий гингивостоматит, вероятно, является самым неприятным заболеванием полости рта, наблюдаемым в ветеринарной практике. Оно является чрезвычайно болезненным состоянием для кошки и болезненным состоянием для владельца животного. Слизистая оболочка полости рта, особенно на задней поверхности (иногда называемая зев, но более правильно называть язычно – небные складки) - становится воспаленной и красной и может даже кровоточить.\r\n\r\nЗаболевшие кошки проявляют различные клинические признаки: анорексии, из-за отказа есть корм (избегая жестких частей пищи), птиализм, галитоз, потеря веса, аномальное глотание и боль в полости рта. При клиническом осмотре, можно обнаружить: гингивит, стоматит, воспаление слизистой оболочки неба, глоссит, хейлит, фарингит, иногда мандибулярную (нижнечелюстную) лимфаденопатию. Участки воспалительного процесса часто обширные, а пораженные ткани, как правило, изъязвленные, пролиферативные и гиперемированы. Когда гингивостоматит был впервые описан, породистые кошки были первые в группе риска, но со временем стало понятно, что все породы кошек имеют потенциал для развития данного заболевания, в том числе домашние беспородные кошки (метисы). Животные подвержены этому заболеванию в любом возрасте.\r\n\r\nХорошая новость заключается в том, что большинство пациентов с гингивостоматитом могут быть вылечены или, по крайней мере, показать заметное улучшение состояния на фоне лечения. Но, к сожалению, некоторым пациентам потребуется пожизненная терапия.\r\n\r\nЭТИОЛОГИЯ\r\n\r\nПоражения полости рта, связанные гингивостоматитом у кошек, часто принимают за оральную инфекцию; однако гингивостоматит – это не инфекция, а воспаление. Считается, что воспалительные поражения, связанные с гингивостоматитом кошек, являются результатом высокореактивной иммунной системы. Специфический антиген, на который иммунная система реагирует, не так легко определить и часто он неизвестен. В большинстве случаев удаление всех зубов у кошки приносит положительный эффект, т.е. когда зубы удаляются предполагается удаление антигена, который связан с зубным налетом (бактерионоситель.) Однако, поскольку не все воспаления купируются с помощью удаления зубов, необходимо признать, что могут быть задействованы несколько антигенов. Другие антигены, которые могут иметь роль и вызывать воспаление, связанное с гингивостоматитом включают в себя вирусную природу, пищу, или экологические антигены. Аутоиммунные заболевания также могут быть частью данной болезни.\r\n\r\nДИАГНОЗ\r\n\r\nДифференциальные диагнозы при воспалениях в ротовой полости у кошек включают - кошачий гингивостоматит, пародонтоз, вторичное воспаление при одонтокластических резорбтивных поражениях зубов кошек (FORLs), некоторые вирусные заболевания (герпесом и/или калицивирусом), которые могут вызвать воспаление в полости рта и язвы на слизистой оболочке, эозинофильную гранулему и неоплазию. Полное диагностическое обследование пациента имеет первостепенное значение для постановки правильного диагноза и начала определенного пути лечения.\r\nЧтобы начать эту оценку, необходимо выполнить физикальное обследование, общий и биохимический анализы крови, а также серологическое тестирование на вирус лейкоза кошек и вирусного иммунодефицита кошек. \r\n\r\nПостановка диагноза так же потребует проведение ряда исследований под седацией (анестезией). Необходимо выполнить рентгенографическое исследование полости рта. Экстирпировать зубы которые подвержены резорбции и зубы с заболеваниями периодонта. Также, извлекаются все части корня/корней (если таковы будут определенны рентгенографически). И, наконец, получить образцы воспаленной ткани с помощью биопсии в нескольких местах и представить их для гистологического исследования. \r\nРезультаты гистологического исследования у кошек с кошачьим гингивостоматитом показывают плазмоцитарный стоматит или лимфоцитарно – плазмоцитарный стоматит. Может наблюдаться одновременное нейтрофильное воспаление или даже поверхностный бактериальный компонент, но преобладающей популяцией клеток будут плазмоциты и лимфоциты.\r\n\r\nЛЕЧЕНИЕ\r\n\r\nВ редких случаях, просто поддержание гигиены полости рта будет удерживать это состояние под контролем. Программа ухода на дому может включать ежедневную чистку зубов и применение раствора Мирамистина (местно), а также долгосрочную или долгосрочно – прерывистую (пульсовую) антибиотикотерапию. Антибиотики, спектр действия которых включает грамотрицательные анаэробные бактерии, являются хорошим выбором. Антибиотикотерапия часто дает благоприятные результаты на начальном этапе; однако преимущества антибиотикотерапии, по-видимому, уменьшаются с течением времени. Кошки, у которых данное заболевание наблюдается в течение длительного времени, как правило, являются самыми неперспективными пациентами для домашнего ухода. Если уход на дому сам по себе не работает или невозможен, необходимо рассмотреть возможность медицинского или хирургического лечения.\r\n\r\nК сожалению, медикаментозные методы лечения включают лекарства с низкими шансами на успех или препараты с серьезными побочными действиями (например, кортикостероиды.) Было опробовано большое количество препаратов для местных обработок пораженных тканей в ротовой полости с разной степенью эффективности. Долгосрочное использование кортикостероидов не идеально потому что у кошек могут появиться серьезные побочные эффекты, включая сахарный диабет и ятрогенный гиперадренокортицизм. Избегание кортикостероидов особенно важно при лечении животных, инфицированных вирусом иммунодефицита кошек. \r\n\r\nХирургическое лечение\r\nЭкстракция всех зубов (или иногда только моляров и премоляров) может принести положительный результат в лечении каудального гингивостоматита кошек. В одном из исследований 60% пациентов с данной патологией, которым провели экстракцию, были излечены клинически, а еще у 20% было значительное улучшение состояния. Эта процедура является трудоемкой и не будет успешной, если остались какие-либо фрагменты корней зубов. Перед выполнением экстракции настоятельно рекомендовано иметь все необходимое оборудование. Наличие стоматологического рентгенографического оборудования и специализированных приборов нельзя переоценить. Невозможно обойтись и без предоперационного и послеоперационного мониторинга и поддержки пациентов, а также соответствующую анальгезию. Пациентов с гингивостоматитом, требующих хирургического лечения, как правило, направляют к ветеринарному специалисту.\r\nПри удалении зубов для лечения гингивостоматита возникает вопрос, следует ли экстирпировать резцы и клыки. Рекомендуется удаление резцов и клыков, если они больны или если окружающие ткани заметно воспалены. Если резцы и клыки здоровы и воспаление ограничено каудальной частью полости рта эти зубы можно сохранить.\r\n\r\nЗатяжной гингивостоматит\r\n\r\nДаже после того, как все зубы и корни удалены, около 20% пациентов будут продолжать испытывать боль и будут сохраняться признаки воспаления ротовой полости. В этих случаях является затяжным, и пациенты могут нуждаться в лечении на протяжении всей жизни. В затяжных случаях, никакая из предложенных терапий не работает последовательно, но можно использовать несколько обработок для улучшения качества жизни м уменьшения дискомфорта.\r\nНеобходимо повторное рентгенографическое исследование зубных дуг, чтобы исключить сохраненные фрагменты корня или реактивную ткань пародонта. Если клыки или резцы пациента не были изначально удалены, их необходимо удалить сейчас.', '/images/6.jpg', 'zoovet.ru', 'PhotoReportPublication');

-- --------------------------------------------------------

--
-- Структура таблицы `user`
--

CREATE TABLE `user` (
  `id` int(11) NOT NULL,
  `name` varchar(255) NOT NULL,
  `age` int(3) NOT NULL
) ENGINE=InnoDB DEFAULT CHARSET=utf8;

--
-- Дамп данных таблицы `user`
--

INSERT INTO `user` (`id`, `name`, `age`) VALUES
(1, 'Алексей', 21),
(2, 'Алексей', 20),
(3, 'Алексей', 18),
(4, 'Андрей', 29),
(5, 'Виктор', 20),
(6, 'Олег', 33);

--
-- Индексы сохранённых таблиц
--

--
-- Индексы таблицы `news`
--
ALTER TABLE `news`
  ADD PRIMARY KEY (`id`);

--
-- Индексы таблицы `news_category`
--
ALTER TABLE `news_category`
  ADD PRIMARY KEY (`id`);

--
-- Индексы таблицы `publication`
--
ALTER TABLE `publication`
  ADD PRIMARY KEY (`id`);

--
-- Индексы таблицы `user`
--
ALTER TABLE `user`
  ADD PRIMARY KEY (`id`);

--
-- AUTO_INCREMENT для сохранённых таблиц
--

--
-- AUTO_INCREMENT для таблицы `news`
--
ALTER TABLE `news`
  MODIFY `id` int(11) NOT NULL AUTO_INCREMENT, AUTO_INCREMENT=13;
--
-- AUTO_INCREMENT для таблицы `news_category`
--
ALTER TABLE `news_category`
  MODIFY `id` int(11) NOT NULL AUTO_INCREMENT, AUTO_INCREMENT=17;
--
-- AUTO_INCREMENT для таблицы `publication`
--
ALTER TABLE `publication`
  MODIFY `id` int(11) NOT NULL AUTO_INCREMENT, AUTO_INCREMENT=7;
--
-- AUTO_INCREMENT для таблицы `user`
--
ALTER TABLE `user`
  MODIFY `id` int(11) NOT NULL AUTO_INCREMENT, AUTO_INCREMENT=7;
/*!40101 SET CHARACTER_SET_CLIENT=@OLD_CHARACTER_SET_CLIENT */;
/*!40101 SET CHARACTER_SET_RESULTS=@OLD_CHARACTER_SET_RESULTS */;
/*!40101 SET COLLATION_CONNECTION=@OLD_COLLATION_CONNECTION */;
